clip_path,label,wpm,source
data\processed\clips\20wpm\260106_20WPM_000.wav,= NOW 20,20wpm,260106_20WPM.mp3
data\processed\clips\20wpm\260106_20WPM_001.wav,WPM =,20wpm,260106_20WPM.mp3
data\processed\clips\20wpm\260106_20WPM_002.wav,TEXT IS,20wpm,260106_20WPM.mp3
data\processed\clips\20wpm\260106_20WPM_003.wav,FROM MAR,20wpm,260106_20WPM.mp3
data\processed\clips\20wpm\260106_20WPM_004.wav,CH 2024,20wpm,260106_20WPM.mp3
data\processed\clips\20wpm\260106_20WPM_005.wav,QST PAG,20wpm,260106_20WPM.mp3
data\processed\clips\20wpm\260106_20WPM_006.wav,E 44 = T,20wpm,260106_20WPM.mp3
data\processed\clips\20wpm\260106_20WPM_007.wav,WO GAIN,20wpm,260106_20WPM.mp3
data\processed\clips\20wpm\260106_20WPM_008.wav,CONTROL,20wpm,260106_20WPM.mp3
data\processed\clips\20wpm\260106_20WPM_009.wav,KEYS AD,20wpm,260106_20WPM.mp3
data\processed\clips\20wpm\260106_20WPM_010.wav,JUST BOT,20wpm,260106_20WPM.mp3
data\processed\clips\20wpm\260106_20WPM_011.wav,H THE HE,20wpm,260106_20WPM.mp3
data\processed\clips\20wpm\260106_20WPM_012.wav,ARD VOL,20wpm,260106_20WPM.mp3
data\processed\clips\20wpm\260106_20WPM_013.wav,"UME, PER",20wpm,260106_20WPM.mp3
data\processed\clips\20wpm\260106_20WPM_014.wav,IOD AND,20wpm,260106_20WPM.mp3
data\processed\clips\20wpm\260106_20WPM_015.wav,"COMMA, A",20wpm,260106_20WPM.mp3
data\processed\clips\20wpm\260106_20WPM_016.wav,ND THE,20wpm,260106_20WPM.mp3
data\processed\clips\20wpm\260106_20WPM_017.wav,VOLUME O,20wpm,260106_20WPM.mp3
data\processed\clips\20wpm\260106_20WPM_018.wav,F THE DE,20wpm,260106_20WPM.mp3
data\processed\clips\20wpm\260106_20WPM_019.wav,"CODER,",20wpm,260106_20WPM.mp3
data\processed\clips\20wpm\260106_20WPM_020.wav,LEFT AND,20wpm,260106_20WPM.mp3
data\processed\clips\20wpm\260106_20WPM_021.wav,RIGHT A,20wpm,260106_20WPM.mp3
data\processed\clips\20wpm\260106_20WPM_022.wav,NGLE BRA,20wpm,260106_20WPM.mp3
data\processed\clips\20wpm\260106_20WPM_023.wav,CKETS.,20wpm,260106_20WPM.mp3
data\processed\clips\20wpm\260106_20WPM_024.wav,THE SPAC,20wpm,260106_20WPM.mp3
data\processed\clips\20wpm\260106_20WPM_025.wav,E BAR CO,20wpm,260106_20WPM.mp3
data\processed\clips\20wpm\260106_20WPM_026.wav,NTROLS,20wpm,260106_20WPM.mp3
data\processed\clips\20wpm\260106_20WPM_027.wav,THE DECO,20wpm,260106_20WPM.mp3
data\processed\clips\20wpm\260106_20WPM_028.wav,DER RESP,20wpm,260106_20WPM.mp3
data\processed\clips\20wpm\260106_20WPM_029.wav,ONSE TO,20wpm,260106_20WPM.mp3
data\processed\clips\20wpm\260106_20WPM_030.wav,LOST LO,20wpm,260106_20WPM.mp3
data\processed\clips\20wpm\260106_20WPM_031.wav,CK. WHEN,20wpm,260106_20WPM.mp3
data\processed\clips\20wpm\260106_20WPM_032.wav,THE DEC,20wpm,260106_20WPM.mp3
data\processed\clips\20wpm\260106_20WPM_033.wav,ODER LOS,20wpm,260106_20WPM.mp3
data\processed\clips\20wpm\260106_20WPM_034.wav,ES LOCK,20wpm,260106_20WPM.mp3
data\processed\clips\20wpm\260106_20WPM_035.wav,DUE TO,20wpm,260106_20WPM.mp3
data\processed\clips\20wpm\260106_20WPM_036.wav,A FREQUE,20wpm,260106_20WPM.mp3
data\processed\clips\20wpm\260106_20WPM_037.wav,NCY CHA,20wpm,260106_20WPM.mp3
data\processed\clips\20wpm\260106_20WPM_038.wav,"NGE, QSB",20wpm,260106_20WPM.mp3
data\processed\clips\20wpm\260106_20WPM_039.wav,", QRM, O",20wpm,260106_20WPM.mp3
data\processed\clips\20wpm\260106_20WPM_040.wav,R ANY OT,20wpm,260106_20WPM.mp3
data\processed\clips\20wpm\260106_20WPM_041.wav,HER REA,20wpm,260106_20WPM.mp3
data\processed\clips\20wpm\260106_20WPM_042.wav,"SON, IT",20wpm,260106_20WPM.mp3
data\processed\clips\20wpm\260106_20WPM_043.wav,WILL KEE,20wpm,260106_20WPM.mp3
data\processed\clips\20wpm\260106_20WPM_044.wav,P TRYIN,20wpm,260106_20WPM.mp3
data\processed\clips\20wpm\260106_20WPM_045.wav,G TO DEC,20wpm,260106_20WPM.mp3
data\processed\clips\20wpm\260106_20WPM_046.wav,ODE BASE,20wpm,260106_20WPM.mp3
data\processed\clips\20wpm\260106_20WPM_047.wav,D ON ITS,20wpm,260106_20WPM.mp3
data\processed\clips\20wpm\260106_20WPM_048.wav,PREVIO,20wpm,260106_20WPM.mp3
data\processed\clips\20wpm\260106_20WPM_049.wav,US ACTIV,20wpm,260106_20WPM.mp3
data\processed\clips\20wpm\260106_20WPM_050.wav,ITY. AT,20wpm,260106_20WPM.mp3
data\processed\clips\20wpm\260106_20WPM_051.wav,THIS POI,20wpm,260106_20WPM.mp3
data\processed\clips\20wpm\260106_20WPM_052.wav,"NT, TEL",20wpm,260106_20WPM.mp3
data\processed\clips\20wpm\260106_20WPM_053.wav,L THE AU,20wpm,260106_20WPM.mp3
data\processed\clips\20wpm\260106_20WPM_054.wav,TOMATIC,20wpm,260106_20WPM.mp3
data\processed\clips\20wpm\260106_20WPM_055.wav,DECODE,20wpm,260106_20WPM.mp3
data\processed\clips\20wpm\260106_20WPM_056.wav,TO DROP,20wpm,260106_20WPM.mp3
data\processed\clips\20wpm\260106_20WPM_057.wav,THE PAST,20wpm,260106_20WPM.mp3
data\processed\clips\20wpm\260106_20WPM_058.wav,HISTORY,20wpm,260106_20WPM.mp3
data\processed\clips\20wpm\260106_20WPM_059.wav,AND ST,20wpm,260106_20WPM.mp3
data\processed\clips\20wpm\260106_20WPM_060.wav,ART FRES,20wpm,260106_20WPM.mp3
data\processed\clips\20wpm\260106_20WPM_061.wav,H. A PRE,20wpm,260106_20WPM.mp3
data\processed\clips\20wpm\260106_20WPM_062.wav,SS OF T,20wpm,260106_20WPM.mp3
data\processed\clips\20wpm\260106_20WPM_063.wav,HE SPACE,20wpm,260106_20WPM.mp3
data\processed\clips\20wpm\260106_20WPM_064.wav,BAR TEL,20wpm,260106_20WPM.mp3
data\processed\clips\20wpm\260106_20WPM_065.wav,LS THE D,20wpm,260106_20WPM.mp3
data\processed\clips\20wpm\260106_20WPM_066.wav,ECODER,20wpm,260106_20WPM.mp3
data\processed\clips\20wpm\260106_20WPM_067.wav,TO DROP,20wpm,260106_20WPM.mp3
data\processed\clips\20wpm\260106_20WPM_068.wav,THIS CON,20wpm,260106_20WPM.mp3
data\processed\clips\20wpm\260106_20WPM_069.wav,TINUATIO,20wpm,260106_20WPM.mp3
data\processed\clips\20wpm\260106_20WPM_070.wav,"N, STAR",20wpm,260106_20WPM.mp3
data\processed\clips\20wpm\260106_20WPM_071.wav,"T FRESH,",20wpm,260106_20WPM.mp3
data\processed\clips\20wpm\260106_20WPM_072.wav,AND LOO,20wpm,260106_20WPM.mp3
data\processed\clips\20wpm\260106_20WPM_073.wav,K FOR A,20wpm,260106_20WPM.mp3
data\processed\clips\20wpm\260106_20WPM_074.wav,NEW LOC,20wpm,260106_20WPM.mp3
data\processed\clips\20wpm\260106_20WPM_075.wav,K. THIS,20wpm,260106_20WPM.mp3
data\processed\clips\20wpm\260106_20WPM_076.wav,STEP IS,20wpm,260106_20WPM.mp3
data\processed\clips\20wpm\260106_20WPM_077.wav,NECESSA,20wpm,260106_20WPM.mp3
data\processed\clips\20wpm\260106_20WPM_078.wav,RY. BECA,20wpm,260106_20WPM.mp3
data\processed\clips\20wpm\260106_20WPM_079.wav,USE THE,20wpm,260106_20WPM.mp3
data\processed\clips\20wpm\260106_20WPM_080.wav,INTERNA,20wpm,260106_20WPM.mp3
data\processed\clips\20wpm\260106_20WPM_081.wav,L TRANSC,20wpm,260106_20WPM.mp3
data\processed\clips\20wpm\260106_20WPM_082.wav,EIVER IS,20wpm,260106_20WPM.mp3
data\processed\clips\20wpm\260106_20WPM_083.wav,BASED O,20wpm,260106_20WPM.mp3
data\processed\clips\20wpm\260106_20WPM_084.wav,N A DIR,20wpm,260106_20WPM.mp3
data\processed\clips\20wpm\260106_20WPM_085.wav,ECT CONV,20wpm,260106_20WPM.mp3
data\processed\clips\20wpm\260106_20WPM_086.wav,ERSION C,20wpm,260106_20WPM.mp3
data\processed\clips\20wpm\260106_20WPM_087.wav,"IRCUIT,",20wpm,260106_20WPM.mp3
data\processed\clips\20wpm\260106_20WPM_088.wav,OFTEN A,20wpm,260106_20WPM.mp3
data\processed\clips\20wpm\260106_20WPM_089.wav,SIGNAL,20wpm,260106_20WPM.mp3
data\processed\clips\20wpm\260106_20WPM_090.wav,CAN BE H,20wpm,260106_20WPM.mp3
data\processed\clips\20wpm\260106_20WPM_091.wav,EARD AT,20wpm,260106_20WPM.mp3
data\processed\clips\20wpm\260106_20WPM_092.wav,THE CAR,20wpm,260106_20WPM.mp3
data\processed\clips\20wpm\260106_20WPM_093.wav,RIER FRE,20wpm,260106_20WPM.mp3
data\processed\clips\20wpm\260106_20WPM_094.wav,QUENCY P,20wpm,260106_20WPM.mp3
data\processed\clips\20wpm\260106_20WPM_095.wav,LUS AND,20wpm,260106_20WPM.mp3
data\processed\clips\20wpm\260106_20WPM_096.wav,MINUS T,20wpm,260106_20WPM.mp3
data\processed\clips\20wpm\260106_20WPM_097.wav,HE EQUIV,20wpm,260106_20WPM.mp3
data\processed\clips\20wpm\260106_20WPM_098.wav,ALENT O,20wpm,260106_20WPM.mp3
data\processed\clips\20wpm\260106_20WPM_099.wav,F A BEAT,20wpm,260106_20WPM.mp3
data\processed\clips\20wpm\260106_20WPM_100.wav,NOTE. I,20wpm,260106_20WPM.mp3
data\processed\clips\20wpm\260106_20WPM_101.wav,F YOU SE,20wpm,260106_20WPM.mp3
data\processed\clips\20wpm\260106_20WPM_102.wav,LECT TH,20wpm,260106_20WPM.mp3
data\processed\clips\20wpm\260106_20WPM_103.wav,E WRONG,20wpm,260106_20WPM.mp3
data\processed\clips\20wpm\260106_20WPM_104.wav,"SIGNAL,",20wpm,260106_20WPM.mp3
data\processed\clips\20wpm\260106_20WPM_105.wav,YOUR REC,20wpm,260106_20WPM.mp3
data\processed\clips\20wpm\260106_20WPM_106.wav,EIVER W,20wpm,260106_20WPM.mp3
data\processed\clips\20wpm\260106_20WPM_107.wav,ILL BE C,20wpm,260106_20WPM.mp3
data\processed\clips\20wpm\260106_20WPM_108.wav,ENTERED,20wpm,260106_20WPM.mp3
data\processed\clips\20wpm\260106_20WPM_109.wav,AT TWIC,20wpm,260106_20WPM.mp3
data\processed\clips\20wpm\260106_20WPM_110.wav,E THE BE,20wpm,260106_20WPM.mp3
data\processed\clips\20wpm\260106_20WPM_111.wav,AT NOTE,20wpm,260106_20WPM.mp3
data\processed\clips\20wpm\260106_20WPM_112.wav,FROM = E,20wpm,260106_20WPM.mp3
data\processed\clips\20wpm\260106_20WPM_113.wav,ND OF 2,20wpm,260106_20WPM.mp3
data\processed\clips\20wpm\260106_20WPM_114.wav,0 WPM TE,20wpm,260106_20WPM.mp3
data\processed\clips\20wpm\260106_20WPM_115.wav,XT = QST,20wpm,260106_20WPM.mp3
data\processed\clips\20wpm\260106_20WPM_116.wav,DE W1A,20wpm,260106_20WPM.mp3
data\processed\clips\20wpm\260106_20WPM_117.wav,W <,20wpm,260106_20WPM.mp3
data\processed\clips\20wpm\260203_20WPM_000.wav,= NOW 20,20wpm,260203_20WPM.mp3
data\processed\clips\20wpm\260203_20WPM_001.wav,WPM = T,20wpm,260203_20WPM.mp3
data\processed\clips\20wpm\260203_20WPM_002.wav,EXT IS F,20wpm,260203_20WPM.mp3
data\processed\clips\20wpm\260203_20WPM_003.wav,ROM APRI,20wpm,260203_20WPM.mp3
data\processed\clips\20wpm\260203_20WPM_004.wav,L 2024,20wpm,260203_20WPM.mp3
data\processed\clips\20wpm\260203_20WPM_005.wav,QST PAGE,20wpm,260203_20WPM.mp3
data\processed\clips\20wpm\260203_20WPM_006.wav,53 = MI,20wpm,260203_20WPM.mp3
data\processed\clips\20wpm\260203_20WPM_007.wav,"CROWAVE,",20wpm,260203_20WPM.mp3
data\processed\clips\20wpm\260203_20WPM_008.wav,LENT ME,20wpm,260203_20WPM.mp3
data\processed\clips\20wpm\260203_20WPM_009.wav,A TEST,20wpm,260203_20WPM.mp3
data\processed\clips\20wpm\260203_20WPM_010.wav,10 GIGAH,20wpm,260203_20WPM.mp3
data\processed\clips\20wpm\260203_20WPM_011.wav,ERTZ TRA,20wpm,260203_20WPM.mp3
data\processed\clips\20wpm\260203_20WPM_012.wav,NSVERTE,20wpm,260203_20WPM.mp3
data\processed\clips\20wpm\260203_20WPM_013.wav,R WITH T,20wpm,260203_20WPM.mp3
data\processed\clips\20wpm\260203_20WPM_014.wav,WO SWITC,20wpm,260203_20WPM.mp3
data\processed\clips\20wpm\260203_20WPM_015.wav,HABLE LO,20wpm,260203_20WPM.mp3
data\processed\clips\20wpm\260203_20WPM_016.wav,"S, ONE W",20wpm,260203_20WPM.mp3
data\processed\clips\20wpm\260203_20WPM_017.wav,ITH A TR,20wpm,260203_20WPM.mp3
data\processed\clips\20wpm\260203_20WPM_018.wav,ADITIONA,20wpm,260203_20WPM.mp3
data\processed\clips\20wpm\260203_20WPM_019.wav,L CRYSTA,20wpm,260203_20WPM.mp3
data\processed\clips\20wpm\260203_20WPM_020.wav,L OSCIL,20wpm,260203_20WPM.mp3
data\processed\clips\20wpm\260203_20WPM_021.wav,LATOR AN,20wpm,260203_20WPM.mp3
data\processed\clips\20wpm\260203_20WPM_022.wav,D THE OT,20wpm,260203_20WPM.mp3
data\processed\clips\20wpm\260203_20WPM_023.wav,HER USIN,20wpm,260203_20WPM.mp3
data\processed\clips\20wpm\260203_20WPM_024.wav,G A SYNT,20wpm,260203_20WPM.mp3
data\processed\clips\20wpm\260203_20WPM_025.wav,HESIZER.,20wpm,260203_20WPM.mp3
data\processed\clips\20wpm\260203_20WPM_026.wav,MDS TES,20wpm,260203_20WPM.mp3
data\processed\clips\20wpm\260203_20WPM_027.wav,TING AT,20wpm,260203_20WPM.mp3
data\processed\clips\20wpm\260203_20WPM_028.wav,THE PICN,20wpm,260203_20WPM.mp3
data\processed\clips\20wpm\260203_20WPM_029.wav,IC AND,20wpm,260203_20WPM.mp3
data\processed\clips\20wpm\260203_20WPM_030.wav,SWITCHIN,20wpm,260203_20WPM.mp3
data\processed\clips\20wpm\260203_20WPM_031.wav,G BACK A,20wpm,260203_20WPM.mp3
data\processed\clips\20wpm\260203_20WPM_032.wav,ND FORTH,20wpm,260203_20WPM.mp3
data\processed\clips\20wpm\260203_20WPM_033.wav,SHOWED,20wpm,260203_20WPM.mp3
data\processed\clips\20wpm\260203_20WPM_034.wav,THAT THE,20wpm,260203_20WPM.mp3
data\processed\clips\20wpm\260203_20WPM_035.wav,MDS WIT,20wpm,260203_20WPM.mp3
data\processed\clips\20wpm\260203_20WPM_036.wav,H THE SY,20wpm,260203_20WPM.mp3
data\processed\clips\20wpm\260203_20WPM_037.wav,NTHESIZ,20wpm,260203_20WPM.mp3
data\processed\clips\20wpm\260203_20WPM_038.wav,ER WAS 2,20wpm,260203_20WPM.mp3
data\processed\clips\20wpm\260203_20WPM_039.wav,DB LESS,20wpm,260203_20WPM.mp3
data\processed\clips\20wpm\260203_20WPM_040.wav,SENSITI,20wpm,260203_20WPM.mp3
data\processed\clips\20wpm\260203_20WPM_041.wav,VE THAN,20wpm,260203_20WPM.mp3
data\processed\clips\20wpm\260203_20WPM_042.wav,WITH THE,20wpm,260203_20WPM.mp3
data\processed\clips\20wpm\260203_20WPM_043.wav,CRYSTAL,20wpm,260203_20WPM.mp3
data\processed\clips\20wpm\260203_20WPM_044.wav,OSCILLA,20wpm,260203_20WPM.mp3
data\processed\clips\20wpm\260203_20WPM_045.wav,TOR. LA,20wpm,260203_20WPM.mp3
data\processed\clips\20wpm\260203_20WPM_046.wav,"TER, I S",20wpm,260203_20WPM.mp3
data\processed\clips\20wpm\260203_20WPM_047.wav,ET UP A,20wpm,260203_20WPM.mp3
data\processed\clips\20wpm\260203_20WPM_048.wav,TEST RAN,20wpm,260203_20WPM.mp3
data\processed\clips\20wpm\260203_20WPM_049.wav,GE AT HO,20wpm,260203_20WPM.mp3
data\processed\clips\20wpm\260203_20WPM_050.wav,ME AND G,20wpm,260203_20WPM.mp3
data\processed\clips\20wpm\260203_20WPM_051.wav,OT THE S,20wpm,260203_20WPM.mp3
data\processed\clips\20wpm\260203_20WPM_052.wav,AME RESU,20wpm,260203_20WPM.mp3
data\processed\clips\20wpm\260203_20WPM_053.wav,LT TO S,20wpm,260203_20WPM.mp3
data\processed\clips\20wpm\260203_20WPM_054.wav,HOW THAT,20wpm,260203_20WPM.mp3
data\processed\clips\20wpm\260203_20WPM_055.wav,THE EXP,20wpm,260203_20WPM.mp3
data\processed\clips\20wpm\260203_20WPM_056.wav,ERIMENT,20wpm,260203_20WPM.mp3
data\processed\clips\20wpm\260203_20WPM_057.wav,COULD BE,20wpm,260203_20WPM.mp3
data\processed\clips\20wpm\260203_20WPM_058.wav,REPLICA,20wpm,260203_20WPM.mp3
data\processed\clips\20wpm\260203_20WPM_059.wav,TED. SYN,20wpm,260203_20WPM.mp3
data\processed\clips\20wpm\260203_20WPM_060.wav,THESIZER,20wpm,260203_20WPM.mp3
data\processed\clips\20wpm\260203_20WPM_061.wav,PHASE N,20wpm,260203_20WPM.mp3
data\processed\clips\20wpm\260203_20WPM_062.wav,OISE. T,20wpm,260203_20WPM.mp3
data\processed\clips\20wpm\260203_20WPM_063.wav,HE A32 F,20wpm,260203_20WPM.mp3
data\processed\clips\20wpm\260203_20WPM_064.wav,REQUENCY,20wpm,260203_20WPM.mp3
data\processed\clips\20wpm\260203_20WPM_065.wav,SYNTHES,20wpm,260203_20WPM.mp3
data\processed\clips\20wpm\260203_20WPM_066.wav,IZER LO,20wpm,260203_20WPM.mp3
data\processed\clips\20wpm\260203_20WPM_067.wav,USED IN,20wpm,260203_20WPM.mp3
data\processed\clips\20wpm\260203_20WPM_068.wav,THE MDS,20wpm,260203_20WPM.mp3
data\processed\clips\20wpm\260203_20WPM_069.wav,TESTS WA,20wpm,260203_20WPM.mp3
data\processed\clips\20wpm\260203_20WPM_070.wav,S ONE O,20wpm,260203_20WPM.mp3
data\processed\clips\20wpm\260203_20WPM_071.wav,F THE FI,20wpm,260203_20WPM.mp3
data\processed\clips\20wpm\260203_20WPM_072.wav,RST MADE,20wpm,260203_20WPM.mp3
data\processed\clips\20wpm\260203_20WPM_073.wav,SPECIFI,20wpm,260203_20WPM.mp3
data\processed\clips\20wpm\260203_20WPM_074.wav,CALLY FO,20wpm,260203_20WPM.mp3
data\processed\clips\20wpm\260203_20WPM_075.wav,R HAMS.,20wpm,260203_20WPM.mp3
data\processed\clips\20wpm\260203_20WPM_076.wav,A FEW NE,20wpm,260203_20WPM.mp3
data\processed\clips\20wpm\260203_20WPM_077.wav,W TYPES,20wpm,260203_20WPM.mp3
data\processed\clips\20wpm\260203_20WPM_078.wav,HAVE BE,20wpm,260203_20WPM.mp3
data\processed\clips\20wpm\260203_20WPM_079.wav,COME AVA,20wpm,260203_20WPM.mp3
data\processed\clips\20wpm\260203_20WPM_080.wav,"ILABLE,",20wpm,260203_20WPM.mp3
data\processed\clips\20wpm\260203_20WPM_081.wav,SOME SPE,20wpm,260203_20WPM.mp3
data\processed\clips\20wpm\260203_20WPM_082.wav,CIFICALL,20wpm,260203_20WPM.mp3
data\processed\clips\20wpm\260203_20WPM_083.wav,Y FOR LO,20wpm,260203_20WPM.mp3
data\processed\clips\20wpm\260203_20WPM_084.wav,"USE, OT",20wpm,260203_20WPM.mp3
data\processed\clips\20wpm\260203_20WPM_085.wav,HERS FOR,20wpm,260203_20WPM.mp3
data\processed\clips\20wpm\260203_20WPM_086.wav,GENERAL,20wpm,260203_20WPM.mp3
data\processed\clips\20wpm\260203_20WPM_087.wav,PURPOS,20wpm,260203_20WPM.mp3
data\processed\clips\20wpm\260203_20WPM_088.wav,ES WITH,20wpm,260203_20WPM.mp3
data\processed\clips\20wpm\260203_20WPM_089.wav,PUSHBUTT,20wpm,260203_20WPM.mp3
data\processed\clips\20wpm\260203_20WPM_090.wav,ON OR CO,20wpm,260203_20WPM.mp3
data\processed\clips\20wpm\260203_20WPM_091.wav,MPUTER F,20wpm,260203_20WPM.mp3
data\processed\clips\20wpm\260203_20WPM_092.wav,REQUENCY,20wpm,260203_20WPM.mp3
data\processed\clips\20wpm\260203_20WPM_093.wav,SELECTI,20wpm,260203_20WPM.mp3
data\processed\clips\20wpm\260203_20WPM_094.wav,ON. I ME,20wpm,260203_20WPM.mp3
data\processed\clips\20wpm\260203_20WPM_095.wav,ASURED,20wpm,260203_20WPM.mp3
data\processed\clips\20wpm\260203_20WPM_096.wav,PHASE NO,20wpm,260203_20WPM.mp3
data\processed\clips\20wpm\260203_20WPM_097.wav,ISE CLOS,20wpm,260203_20WPM.mp3
data\processed\clips\20wpm\260203_20WPM_098.wav,E TO THE,20wpm,260203_20WPM.mp3
data\processed\clips\20wpm\260203_20WPM_099.wav,LO CARR,20wpm,260203_20WPM.mp3
data\processed\clips\20wpm\260203_20WPM_100.wav,"IER, WHE",20wpm,260203_20WPM.mp3
data\processed\clips\20wpm\260203_20WPM_101.wav,RE IT HA,20wpm,260203_20WPM.mp3
data\processed\clips\20wpm\260203_20WPM_102.wav,S THE GR,20wpm,260203_20WPM.mp3
data\processed\clips\20wpm\260203_20WPM_103.wav,EATEST,20wpm,260203_20WPM.mp3
data\processed\clips\20wpm\260203_20WPM_104.wav,EFFECT O,20wpm,260203_20WPM.mp3
data\processed\clips\20wpm\260203_20WPM_105.wav,N MDS US,20wpm,260203_20WPM.mp3
data\processed\clips\20wpm\260203_20WPM_106.wav,ING SOPH,20wpm,260203_20WPM.mp3
data\processed\clips\20wpm\260203_20WPM_107.wav,ISTICATE,20wpm,260203_20WPM.mp3
data\processed\clips\20wpm\260203_20WPM_108.wav,D = END,20wpm,260203_20WPM.mp3
data\processed\clips\20wpm\260203_20WPM_109.wav,OF 20 WP,20wpm,260203_20WPM.mp3
data\processed\clips\20wpm\260203_20WPM_110.wav,M TEXT =,20wpm,260203_20WPM.mp3
data\processed\clips\20wpm\260203_20WPM_111.wav,QST DE,20wpm,260203_20WPM.mp3
data\processed\clips\20wpm\260203_20WPM_112.wav,W1AW <,20wpm,260203_20WPM.mp3
data\processed\clips\5wpm\260107_05WPM_000.wav,=,5wpm,260107_05WPM.mp3
data\processed\clips\5wpm\260107_05WPM_001.wav,NO,5wpm,260107_05WPM.mp3
data\processed\clips\5wpm\260107_05WPM_002.wav,W,5wpm,260107_05WPM.mp3
data\processed\clips\5wpm\260107_05WPM_003.wav,5,5wpm,260107_05WPM.mp3
data\processed\clips\5wpm\260107_05WPM_004.wav,WP,5wpm,260107_05WPM.mp3
data\processed\clips\5wpm\260107_05WPM_005.wav,M,5wpm,260107_05WPM.mp3
data\processed\clips\5wpm\260107_05WPM_006.wav,=,5wpm,260107_05WPM.mp3
data\processed\clips\5wpm\260107_05WPM_007.wav,TE,5wpm,260107_05WPM.mp3
data\processed\clips\5wpm\260107_05WPM_008.wav,X,5wpm,260107_05WPM.mp3
data\processed\clips\5wpm\260107_05WPM_009.wav,T,5wpm,260107_05WPM.mp3
data\processed\clips\5wpm\260107_05WPM_010.wav,IS,5wpm,260107_05WPM.mp3
data\processed\clips\5wpm\260107_05WPM_011.wav,F,5wpm,260107_05WPM.mp3
data\processed\clips\5wpm\260107_05WPM_012.wav,RO,5wpm,260107_05WPM.mp3
data\processed\clips\5wpm\260107_05WPM_013.wav,M,5wpm,260107_05WPM.mp3
data\processed\clips\5wpm\260107_05WPM_014.wav,MA,5wpm,260107_05WPM.mp3
data\processed\clips\5wpm\260107_05WPM_015.wav,RC,5wpm,260107_05WPM.mp3
data\processed\clips\5wpm\260107_05WPM_016.wav,H,5wpm,260107_05WPM.mp3
data\processed\clips\5wpm\260107_05WPM_017.wav,20,5wpm,260107_05WPM.mp3
data\processed\clips\5wpm\260107_05WPM_018.wav,24,5wpm,260107_05WPM.mp3
data\processed\clips\5wpm\260107_05WPM_019.wav,Q,5wpm,260107_05WPM.mp3
data\processed\clips\5wpm\260107_05WPM_020.wav,ST,5wpm,260107_05WPM.mp3
data\processed\clips\5wpm\260107_05WPM_021.wav,P,5wpm,260107_05WPM.mp3
data\processed\clips\5wpm\260107_05WPM_022.wav,AG,5wpm,260107_05WPM.mp3
data\processed\clips\5wpm\260107_05WPM_023.wav,E,5wpm,260107_05WPM.mp3
data\processed\clips\5wpm\260107_05WPM_024.wav,51,5wpm,260107_05WPM.mp3
data\processed\clips\5wpm\260107_05WPM_025.wav,=,5wpm,260107_05WPM.mp3
data\processed\clips\5wpm\260107_05WPM_026.wav,I,5wpm,260107_05WPM.mp3
data\processed\clips\5wpm\260107_05WPM_027.wav,HA,5wpm,260107_05WPM.mp3
data\processed\clips\5wpm\260107_05WPM_028.wav,VE,5wpm,260107_05WPM.mp3
data\processed\clips\5wpm\260107_05WPM_029.wav,B,5wpm,260107_05WPM.mp3
data\processed\clips\5wpm\260107_05WPM_030.wav,EE,5wpm,260107_05WPM.mp3
data\processed\clips\5wpm\260107_05WPM_031.wav,N,5wpm,260107_05WPM.mp3
data\processed\clips\5wpm\260107_05WPM_032.wav,SE,5wpm,260107_05WPM.mp3
data\processed\clips\5wpm\260107_05WPM_033.wav,AR,5wpm,260107_05WPM.mp3
data\processed\clips\5wpm\260107_05WPM_034.wav,CH,5wpm,260107_05WPM.mp3
data\processed\clips\5wpm\260107_05WPM_035.wav,IN,5wpm,260107_05WPM.mp3
data\processed\clips\5wpm\260107_05WPM_036.wav,G,5wpm,260107_05WPM.mp3
data\processed\clips\5wpm\260107_05WPM_037.wav,FO,5wpm,260107_05WPM.mp3
data\processed\clips\5wpm\260107_05WPM_038.wav,R,5wpm,260107_05WPM.mp3
data\processed\clips\5wpm\260107_05WPM_039.wav,A,5wpm,260107_05WPM.mp3
data\processed\clips\5wpm\260107_05WPM_040.wav,LI,5wpm,260107_05WPM.mp3
data\processed\clips\5wpm\260107_05WPM_041.wav,GH,5wpm,260107_05WPM.mp3
data\processed\clips\5wpm\260107_05WPM_042.wav,TW,5wpm,260107_05WPM.mp3
data\processed\clips\5wpm\260107_05WPM_043.wav,E,5wpm,260107_05WPM.mp3
data\processed\clips\5wpm\260107_05WPM_044.wav,IG,5wpm,260107_05WPM.mp3
data\processed\clips\5wpm\260107_05WPM_045.wav,HT,5wpm,260107_05WPM.mp3
data\processed\clips\5wpm\260107_05WPM_046.wav,H,5wpm,260107_05WPM.mp3
data\processed\clips\5wpm\260107_05WPM_047.wav,F,5wpm,260107_05WPM.mp3
data\processed\clips\5wpm\260107_05WPM_048.wav,MU,5wpm,260107_05WPM.mp3
data\processed\clips\5wpm\260107_05WPM_049.wav,LT,5wpm,260107_05WPM.mp3
data\processed\clips\5wpm\260107_05WPM_050.wav,IB,5wpm,260107_05WPM.mp3
data\processed\clips\5wpm\260107_05WPM_051.wav,AN,5wpm,260107_05WPM.mp3
data\processed\clips\5wpm\260107_05WPM_052.wav,D,5wpm,260107_05WPM.mp3
data\processed\clips\5wpm\260107_05WPM_053.wav,AN,5wpm,260107_05WPM.mp3
data\processed\clips\5wpm\260107_05WPM_054.wav,TE,5wpm,260107_05WPM.mp3
data\processed\clips\5wpm\260107_05WPM_055.wav,NN,5wpm,260107_05WPM.mp3
data\processed\clips\5wpm\260107_05WPM_056.wav,A,5wpm,260107_05WPM.mp3
data\processed\clips\5wpm\260107_05WPM_057.wav,TH,5wpm,260107_05WPM.mp3
data\processed\clips\5wpm\260107_05WPM_058.wav,AT,5wpm,260107_05WPM.mp3
data\processed\clips\5wpm\260107_05WPM_059.wav,I,5wpm,260107_05WPM.mp3
data\processed\clips\5wpm\260107_05WPM_060.wav,C,5wpm,260107_05WPM.mp3
data\processed\clips\5wpm\260107_05WPM_061.wav,A,5wpm,260107_05WPM.mp3
data\processed\clips\5wpm\260107_05WPM_062.wav,N,5wpm,260107_05WPM.mp3
data\processed\clips\5wpm\260107_05WPM_063.wav,EA,5wpm,260107_05WPM.mp3
data\processed\clips\5wpm\260107_05WPM_064.wav,SI,5wpm,260107_05WPM.mp3
data\processed\clips\5wpm\260107_05WPM_065.wav,LY,5wpm,260107_05WPM.mp3
data\processed\clips\5wpm\260107_05WPM_066.wav,C,5wpm,260107_05WPM.mp3
data\processed\clips\5wpm\260107_05WPM_067.wav,AR,5wpm,260107_05WPM.mp3
data\processed\clips\5wpm\260107_05WPM_068.wav,RY,5wpm,260107_05WPM.mp3
data\processed\clips\5wpm\260107_05WPM_069.wav,D,5wpm,260107_05WPM.mp3
data\processed\clips\5wpm\260107_05WPM_070.wav,UR,5wpm,260107_05WPM.mp3
data\processed\clips\5wpm\260107_05WPM_071.wav,IN,5wpm,260107_05WPM.mp3
data\processed\clips\5wpm\260107_05WPM_072.wav,G,5wpm,260107_05WPM.mp3
data\processed\clips\5wpm\260107_05WPM_073.wav,AI,5wpm,260107_05WPM.mp3
data\processed\clips\5wpm\260107_05WPM_074.wav,R,5wpm,260107_05WPM.mp3
data\processed\clips\5wpm\260107_05WPM_075.wav,TR,5wpm,260107_05WPM.mp3
data\processed\clips\5wpm\260107_05WPM_076.wav,AV,5wpm,260107_05WPM.mp3
data\processed\clips\5wpm\260107_05WPM_077.wav,EL,5wpm,260107_05WPM.mp3
data\processed\clips\5wpm\260107_05WPM_078.wav,A,5wpm,260107_05WPM.mp3
data\processed\clips\5wpm\260107_05WPM_079.wav,N,5wpm,260107_05WPM.mp3
data\processed\clips\5wpm\260107_05WPM_080.wav,D,5wpm,260107_05WPM.mp3
data\processed\clips\5wpm\260107_05WPM_081.wav,FI,5wpm,260107_05WPM.mp3
data\processed\clips\5wpm\260107_05WPM_082.wav,T,5wpm,260107_05WPM.mp3
data\processed\clips\5wpm\260107_05WPM_083.wav,IN,5wpm,260107_05WPM.mp3
data\processed\clips\5wpm\260107_05WPM_084.wav,TO,5wpm,260107_05WPM.mp3
data\processed\clips\5wpm\260107_05WPM_085.wav,T,5wpm,260107_05WPM.mp3
data\processed\clips\5wpm\260107_05WPM_086.wav,HE,5wpm,260107_05WPM.mp3
data\processed\clips\5wpm\260107_05WPM_087.wav,S,5wpm,260107_05WPM.mp3
data\processed\clips\5wpm\260107_05WPM_088.wav,ID,5wpm,260107_05WPM.mp3
data\processed\clips\5wpm\260107_05WPM_089.wav,E,5wpm,260107_05WPM.mp3
data\processed\clips\5wpm\260107_05WPM_090.wav,PO,5wpm,260107_05WPM.mp3
data\processed\clips\5wpm\260107_05WPM_091.wav,CK,5wpm,260107_05WPM.mp3
data\processed\clips\5wpm\260107_05WPM_092.wav,ET,5wpm,260107_05WPM.mp3
data\processed\clips\5wpm\260107_05WPM_093.wav,O,5wpm,260107_05WPM.mp3
data\processed\clips\5wpm\260107_05WPM_094.wav,F,5wpm,260107_05WPM.mp3
data\processed\clips\5wpm\260107_05WPM_095.wav,MY,5wpm,260107_05WPM.mp3
data\processed\clips\5wpm\260107_05WPM_096.wav,B,5wpm,260107_05WPM.mp3
data\processed\clips\5wpm\260107_05WPM_097.wav,A,5wpm,260107_05WPM.mp3
data\processed\clips\5wpm\260107_05WPM_098.wav,CK,5wpm,260107_05WPM.mp3
data\processed\clips\5wpm\260107_05WPM_099.wav,PA,5wpm,260107_05WPM.mp3
data\processed\clips\5wpm\260107_05WPM_100.wav,CK,5wpm,260107_05WPM.mp3
data\processed\clips\5wpm\260107_05WPM_101.wav,F,5wpm,260107_05WPM.mp3
data\processed\clips\5wpm\260107_05WPM_102.wav,OR,5wpm,260107_05WPM.mp3
data\processed\clips\5wpm\260107_05WPM_103.wav,P,5wpm,260107_05WPM.mp3
data\processed\clips\5wpm\260107_05WPM_104.wav,OR,5wpm,260107_05WPM.mp3
data\processed\clips\5wpm\260107_05WPM_105.wav,TA,5wpm,260107_05WPM.mp3
data\processed\clips\5wpm\260107_05WPM_106.wav,BL,5wpm,260107_05WPM.mp3
data\processed\clips\5wpm\260107_05WPM_107.wav,E,5wpm,260107_05WPM.mp3
data\processed\clips\5wpm\260107_05WPM_108.wav,US,5wpm,260107_05WPM.mp3
data\processed\clips\5wpm\260107_05WPM_109.wav,E.,5wpm,260107_05WPM.mp3
data\processed\clips\5wpm\260107_05WPM_110.wav,A,5wpm,260107_05WPM.mp3
data\processed\clips\5wpm\260107_05WPM_111.wav,FT,5wpm,260107_05WPM.mp3
data\processed\clips\5wpm\260107_05WPM_112.wav,ER,5wpm,260107_05WPM.mp3
data\processed\clips\5wpm\260107_05WPM_113.wav,C,5wpm,260107_05WPM.mp3
data\processed\clips\5wpm\260107_05WPM_114.wav,ON,5wpm,260107_05WPM.mp3
data\processed\clips\5wpm\260107_05WPM_115.wav,D,5wpm,260107_05WPM.mp3
data\processed\clips\5wpm\260107_05WPM_116.wav,UC,5wpm,260107_05WPM.mp3
data\processed\clips\5wpm\260107_05WPM_117.wav,TI,5wpm,260107_05WPM.mp3
data\processed\clips\5wpm\260107_05WPM_118.wav,NG,5wpm,260107_05WPM.mp3
data\processed\clips\5wpm\260107_05WPM_119.wav,S,5wpm,260107_05WPM.mp3
data\processed\clips\5wpm\260107_05WPM_120.wav,OM,5wpm,260107_05WPM.mp3
data\processed\clips\5wpm\260107_05WPM_121.wav,E,5wpm,260107_05WPM.mp3
data\processed\clips\5wpm\260107_05WPM_122.wav,RE,5wpm,260107_05WPM.mp3
data\processed\clips\5wpm\260107_05WPM_123.wav,SE,5wpm,260107_05WPM.mp3
data\processed\clips\5wpm\260107_05WPM_124.wav,AR,5wpm,260107_05WPM.mp3
data\processed\clips\5wpm\260107_05WPM_125.wav,CH,5wpm,260107_05WPM.mp3
data\processed\clips\5wpm\260107_05WPM_126.wav,",",5wpm,260107_05WPM.mp3
data\processed\clips\5wpm\260107_05WPM_127.wav,I,5wpm,260107_05WPM.mp3
data\processed\clips\5wpm\260107_05WPM_128.wav,CA,5wpm,260107_05WPM.mp3
data\processed\clips\5wpm\260107_05WPM_129.wav,ME,5wpm,260107_05WPM.mp3
data\processed\clips\5wpm\260107_05WPM_130.wav,A,5wpm,260107_05WPM.mp3
data\processed\clips\5wpm\260107_05WPM_131.wav,CR,5wpm,260107_05WPM.mp3
data\processed\clips\5wpm\260107_05WPM_132.wav,OS,5wpm,260107_05WPM.mp3
data\processed\clips\5wpm\260107_05WPM_133.wav,S,5wpm,260107_05WPM.mp3
data\processed\clips\5wpm\260107_05WPM_134.wav,T,5wpm,260107_05WPM.mp3
data\processed\clips\5wpm\260107_05WPM_135.wav,HE,5wpm,260107_05WPM.mp3
data\processed\clips\5wpm\260107_05WPM_136.wav,<,5wpm,260107_05WPM.mp3
data\processed\clips\5wpm\260107_05WPM_137.wav,Q,5wpm,260107_05WPM.mp3
data\processed\clips\5wpm\260107_05WPM_138.wav,ST,5wpm,260107_05WPM.mp3
data\processed\clips\5wpm\260107_05WPM_139.wav,D,5wpm,260107_05WPM.mp3
data\processed\clips\5wpm\260107_05WPM_140.wav,E,5wpm,260107_05WPM.mp3
data\processed\clips\5wpm\260107_05WPM_141.wav,W1,5wpm,260107_05WPM.mp3
data\processed\clips\5wpm\260107_05WPM_142.wav,AW,5wpm,260107_05WPM.mp3
data\processed\clips\5wpm\260107_05WPM_143.wav,=,5wpm,260107_05WPM.mp3
data\processed\clips\5wpm\260107_05WPM_144.wav,J,5wpm,260107_05WPM.mp3
data\processed\clips\5wpm\260107_05WPM_145.wav,NC,5wpm,260107_05WPM.mp3
data\processed\clips\5wpm\260107_05WPM_146.wav,RA,5wpm,260107_05WPM.mp3
data\processed\clips\5wpm\260107_05WPM_147.wav,DI,5wpm,260107_05WPM.mp3
data\processed\clips\5wpm\260107_05WPM_148.wav,O,5wpm,260107_05WPM.mp3
data\processed\clips\5wpm\260107_05WPM_149.wav,M1,5wpm,260107_05WPM.mp3
data\processed\clips\5wpm\260107_05WPM_150.wav,04,5wpm,260107_05WPM.mp3
data\processed\clips\5wpm\260107_05WPM_151.wav,MU,5wpm,260107_05WPM.mp3
data\processed\clips\5wpm\260107_05WPM_152.wav,LT,5wpm,260107_05WPM.mp3
data\processed\clips\5wpm\260107_05WPM_153.wav,IB,5wpm,260107_05WPM.mp3
data\processed\clips\5wpm\260107_05WPM_154.wav,AN,5wpm,260107_05WPM.mp3
data\processed\clips\5wpm\260107_05WPM_155.wav,D,5wpm,260107_05WPM.mp3
data\processed\clips\5wpm\260107_05WPM_156.wav,AN,5wpm,260107_05WPM.mp3
data\processed\clips\5wpm\260107_05WPM_157.wav,TE,5wpm,260107_05WPM.mp3
data\processed\clips\5wpm\260107_05WPM_158.wav,NN,5wpm,260107_05WPM.mp3
data\processed\clips\5wpm\260107_05WPM_159.wav,A,5wpm,260107_05WPM.mp3
data\processed\clips\5wpm\260107_05WPM_160.wav,KI,5wpm,260107_05WPM.mp3
data\processed\clips\5wpm\260107_05WPM_161.wav,T.,5wpm,260107_05WPM.mp3
data\processed\clips\5wpm\260107_05WPM_162.wav,I,5wpm,260107_05WPM.mp3
data\processed\clips\5wpm\260107_05WPM_163.wav,T,5wpm,260107_05WPM.mp3
data\processed\clips\5wpm\260107_05WPM_164.wav,CO,5wpm,260107_05WPM.mp3
data\processed\clips\5wpm\260107_05WPM_165.wav,NS,5wpm,260107_05WPM.mp3
data\processed\clips\5wpm\260107_05WPM_166.wav,IS,5wpm,260107_05WPM.mp3
data\processed\clips\5wpm\260107_05WPM_167.wav,T,5wpm,260107_05WPM.mp3
data\processed\clips\5wpm\260107_05WPM_168.wav,S,5wpm,260107_05WPM.mp3
data\processed\clips\5wpm\260107_05WPM_169.wav,OF,5wpm,260107_05WPM.mp3
data\processed\clips\5wpm\260107_05WPM_170.wav,A,5wpm,260107_05WPM.mp3
data\processed\clips\5wpm\260107_05WPM_171.wav,B,5wpm,260107_05WPM.mp3
data\processed\clips\5wpm\260107_05WPM_172.wav,AS,5wpm,260107_05WPM.mp3
data\processed\clips\5wpm\260107_05WPM_173.wav,EL,5wpm,260107_05WPM.mp3
data\processed\clips\5wpm\260107_05WPM_174.wav,OA,5wpm,260107_05WPM.mp3
data\processed\clips\5wpm\260107_05WPM_175.wav,DE,5wpm,260107_05WPM.mp3
data\processed\clips\5wpm\260107_05WPM_176.wav,D,5wpm,260107_05WPM.mp3
data\processed\clips\5wpm\260107_05WPM_177.wav,VE,5wpm,260107_05WPM.mp3
data\processed\clips\5wpm\260107_05WPM_178.wav,RT,5wpm,260107_05WPM.mp3
data\processed\clips\5wpm\260107_05WPM_179.wav,IC,5wpm,260107_05WPM.mp3
data\processed\clips\5wpm\260107_05WPM_180.wav,AL,5wpm,260107_05WPM.mp3
data\processed\clips\5wpm\260107_05WPM_181.wav,A,5wpm,260107_05WPM.mp3
data\processed\clips\5wpm\260107_05WPM_182.wav,NT,5wpm,260107_05WPM.mp3
data\processed\clips\5wpm\260107_05WPM_183.wav,EN,5wpm,260107_05WPM.mp3
data\processed\clips\5wpm\260107_05WPM_184.wav,NA,5wpm,260107_05WPM.mp3
data\processed\clips\5wpm\260107_05WPM_185.wav,WI,5wpm,260107_05WPM.mp3
data\processed\clips\5wpm\260107_05WPM_186.wav,TH,5wpm,260107_05WPM.mp3
data\processed\clips\5wpm\260107_05WPM_187.wav,B,5wpm,260107_05WPM.mp3
data\processed\clips\5wpm\260107_05WPM_188.wav,AN,5wpm,260107_05WPM.mp3
data\processed\clips\5wpm\260107_05WPM_189.wav,D,5wpm,260107_05WPM.mp3
data\processed\clips\5wpm\260107_05WPM_190.wav,CO,5wpm,260107_05WPM.mp3
data\processed\clips\5wpm\260107_05WPM_191.wav,IL,5wpm,260107_05WPM.mp3
data\processed\clips\5wpm\260107_05WPM_192.wav,S,5wpm,260107_05WPM.mp3
data\processed\clips\5wpm\260107_05WPM_193.wav,FO,5wpm,260107_05WPM.mp3
data\processed\clips\5wpm\260107_05WPM_194.wav,R,5wpm,260107_05WPM.mp3
data\processed\clips\5wpm\260107_05WPM_195.wav,40,5wpm,260107_05WPM.mp3
data\processed\clips\5wpm\260107_05WPM_196.wav,",",5wpm,260107_05WPM.mp3
data\processed\clips\5wpm\260107_05WPM_197.wav,20,5wpm,260107_05WPM.mp3
data\processed\clips\5wpm\260107_05WPM_198.wav,",",5wpm,260107_05WPM.mp3
data\processed\clips\5wpm\260107_05WPM_199.wav,15,5wpm,260107_05WPM.mp3
data\processed\clips\5wpm\260107_05WPM_200.wav,",",5wpm,260107_05WPM.mp3
data\processed\clips\5wpm\260107_05WPM_201.wav,AN,5wpm,260107_05WPM.mp3
data\processed\clips\5wpm\260107_05WPM_202.wav,D,5wpm,260107_05WPM.mp3
data\processed\clips\5wpm\260107_05WPM_203.wav,1,5wpm,260107_05WPM.mp3
data\processed\clips\5wpm\260107_05WPM_204.wav,0,5wpm,260107_05WPM.mp3
data\processed\clips\5wpm\260107_05WPM_205.wav,ME,5wpm,260107_05WPM.mp3
data\processed\clips\5wpm\260107_05WPM_206.wav,TE,5wpm,260107_05WPM.mp3
data\processed\clips\5wpm\260107_05WPM_207.wav,RS,5wpm,260107_05WPM.mp3
data\processed\clips\5wpm\260107_05WPM_208.wav,",",5wpm,260107_05WPM.mp3
data\processed\clips\5wpm\260107_05WPM_209.wav,A,5wpm,260107_05WPM.mp3
data\processed\clips\5wpm\260107_05WPM_210.wav,BA,5wpm,260107_05WPM.mp3
data\processed\clips\5wpm\260107_05WPM_211.wav,SE,5wpm,260107_05WPM.mp3
data\processed\clips\5wpm\260107_05WPM_212.wav,U,5wpm,260107_05WPM.mp3
data\processed\clips\5wpm\260107_05WPM_213.wav,NI,5wpm,260107_05WPM.mp3
data\processed\clips\5wpm\260107_05WPM_214.wav,T,5wpm,260107_05WPM.mp3
data\processed\clips\5wpm\260107_05WPM_215.wav,US,5wpm,260107_05WPM.mp3
data\processed\clips\5wpm\260107_05WPM_216.wav,IN,5wpm,260107_05WPM.mp3
data\processed\clips\5wpm\260107_05WPM_217.wav,G,5wpm,260107_05WPM.mp3
data\processed\clips\5wpm\260107_05WPM_218.wav,TH,5wpm,260107_05WPM.mp3
data\processed\clips\5wpm\260107_05WPM_219.wav,E,5wpm,260107_05WPM.mp3
data\processed\clips\5wpm\260107_05WPM_220.wav,=,5wpm,260107_05WPM.mp3
data\processed\clips\5wpm\260107_05WPM_221.wav,E,5wpm,260107_05WPM.mp3
data\processed\clips\5wpm\260107_05WPM_222.wav,ND,5wpm,260107_05WPM.mp3
data\processed\clips\5wpm\260107_05WPM_223.wav,O,5wpm,260107_05WPM.mp3
data\processed\clips\5wpm\260107_05WPM_224.wav,F,5wpm,260107_05WPM.mp3
data\processed\clips\5wpm\260107_05WPM_225.wav,5,5wpm,260107_05WPM.mp3
data\processed\clips\5wpm\260107_05WPM_226.wav,WP,5wpm,260107_05WPM.mp3
data\processed\clips\5wpm\260107_05WPM_227.wav,M,5wpm,260107_05WPM.mp3
data\processed\clips\5wpm\260107_05WPM_228.wav,TE,5wpm,260107_05WPM.mp3
data\processed\clips\5wpm\260107_05WPM_229.wav,XT,5wpm,260107_05WPM.mp3
data\processed\clips\5wpm\260107_05WPM_230.wav,=,5wpm,260107_05WPM.mp3
data\processed\clips\5wpm\260107_05WPM_231.wav,Q,5wpm,260107_05WPM.mp3
data\processed\clips\5wpm\260107_05WPM_232.wav,ST,5wpm,260107_05WPM.mp3
data\processed\clips\5wpm\260107_05WPM_233.wav,D,5wpm,260107_05WPM.mp3
data\processed\clips\5wpm\260107_05WPM_234.wav,E,5wpm,260107_05WPM.mp3
data\processed\clips\5wpm\260107_05WPM_235.wav,W1,5wpm,260107_05WPM.mp3
data\processed\clips\5wpm\260107_05WPM_236.wav,AW,5wpm,260107_05WPM.mp3
data\processed\clips\5wpm\260107_05WPM_237.wav,<,5wpm,260107_05WPM.mp3
data\processed\clips\5wpm\260204_05WPM_000.wav,=,5wpm,260204_05WPM.mp3
data\processed\clips\5wpm\260204_05WPM_001.wav,NO,5wpm,260204_05WPM.mp3
data\processed\clips\5wpm\260204_05WPM_002.wav,W,5wpm,260204_05WPM.mp3
data\processed\clips\5wpm\260204_05WPM_003.wav,5,5wpm,260204_05WPM.mp3
data\processed\clips\5wpm\260204_05WPM_004.wav,WP,5wpm,260204_05WPM.mp3
data\processed\clips\5wpm\260204_05WPM_005.wav,M,5wpm,260204_05WPM.mp3
data\processed\clips\5wpm\260204_05WPM_006.wav,=,5wpm,260204_05WPM.mp3
data\processed\clips\5wpm\260204_05WPM_007.wav,T,5wpm,260204_05WPM.mp3
data\processed\clips\5wpm\260204_05WPM_008.wav,EX,5wpm,260204_05WPM.mp3
data\processed\clips\5wpm\260204_05WPM_009.wav,T,5wpm,260204_05WPM.mp3
data\processed\clips\5wpm\260204_05WPM_010.wav,IS,5wpm,260204_05WPM.mp3
data\processed\clips\5wpm\260204_05WPM_011.wav,F,5wpm,260204_05WPM.mp3
data\processed\clips\5wpm\260204_05WPM_012.wav,RO,5wpm,260204_05WPM.mp3
data\processed\clips\5wpm\260204_05WPM_013.wav,M,5wpm,260204_05WPM.mp3
data\processed\clips\5wpm\260204_05WPM_014.wav,AP,5wpm,260204_05WPM.mp3
data\processed\clips\5wpm\260204_05WPM_015.wav,RI,5wpm,260204_05WPM.mp3
data\processed\clips\5wpm\260204_05WPM_016.wav,L,5wpm,260204_05WPM.mp3
data\processed\clips\5wpm\260204_05WPM_017.wav,20,5wpm,260204_05WPM.mp3
data\processed\clips\5wpm\260204_05WPM_018.wav,24,5wpm,260204_05WPM.mp3
data\processed\clips\5wpm\260204_05WPM_019.wav,Q,5wpm,260204_05WPM.mp3
data\processed\clips\5wpm\260204_05WPM_020.wav,ST,5wpm,260204_05WPM.mp3
data\processed\clips\5wpm\260204_05WPM_021.wav,P,5wpm,260204_05WPM.mp3
data\processed\clips\5wpm\260204_05WPM_022.wav,AG,5wpm,260204_05WPM.mp3
data\processed\clips\5wpm\260204_05WPM_023.wav,E,5wpm,260204_05WPM.mp3
data\processed\clips\5wpm\260204_05WPM_024.wav,3,5wpm,260204_05WPM.mp3
data\processed\clips\5wpm\260204_05WPM_025.wav,3,5wpm,260204_05WPM.mp3
data\processed\clips\5wpm\260204_05WPM_026.wav,=,5wpm,260204_05WPM.mp3
data\processed\clips\5wpm\260204_05WPM_027.wav,WH,5wpm,260204_05WPM.mp3
data\processed\clips\5wpm\260204_05WPM_028.wav,IL,5wpm,260204_05WPM.mp3
data\processed\clips\5wpm\260204_05WPM_029.wav,E,5wpm,260204_05WPM.mp3
data\processed\clips\5wpm\260204_05WPM_030.wav,TH,5wpm,260204_05WPM.mp3
data\processed\clips\5wpm\260204_05WPM_031.wav,E,5wpm,260204_05WPM.mp3
data\processed\clips\5wpm\260204_05WPM_032.wav,CH,5wpm,260204_05WPM.mp3
data\processed\clips\5wpm\260204_05WPM_033.wav,AN,5wpm,260204_05WPM.mp3
data\processed\clips\5wpm\260204_05WPM_034.wav,NE,5wpm,260204_05WPM.mp3
data\processed\clips\5wpm\260204_05WPM_035.wav,L,5wpm,260204_05WPM.mp3
data\processed\clips\5wpm\260204_05WPM_036.wav,NU,5wpm,260204_05WPM.mp3
data\processed\clips\5wpm\260204_05WPM_037.wav,MB,5wpm,260204_05WPM.mp3
data\processed\clips\5wpm\260204_05WPM_038.wav,ER,5wpm,260204_05WPM.mp3
data\processed\clips\5wpm\260204_05WPM_039.wav,S,5wpm,260204_05WPM.mp3
data\processed\clips\5wpm\260204_05WPM_040.wav,A,5wpm,260204_05WPM.mp3
data\processed\clips\5wpm\260204_05WPM_041.wav,RE,5wpm,260204_05WPM.mp3
data\processed\clips\5wpm\260204_05WPM_042.wav,S,5wpm,260204_05WPM.mp3
data\processed\clips\5wpm\260204_05WPM_043.wav,IM,5wpm,260204_05WPM.mp3
data\processed\clips\5wpm\260204_05WPM_044.wav,IL,5wpm,260204_05WPM.mp3
data\processed\clips\5wpm\260204_05WPM_045.wav,AR,5wpm,260204_05WPM.mp3
data\processed\clips\5wpm\260204_05WPM_046.wav,T,5wpm,260204_05WPM.mp3
data\processed\clips\5wpm\260204_05WPM_047.wav,O,5wpm,260204_05WPM.mp3
data\processed\clips\5wpm\260204_05WPM_048.wav,TH,5wpm,260204_05WPM.mp3
data\processed\clips\5wpm\260204_05WPM_049.wav,E,5wpm,260204_05WPM.mp3
data\processed\clips\5wpm\260204_05WPM_050.wav,OR,5wpm,260204_05WPM.mp3
data\processed\clips\5wpm\260204_05WPM_051.wav,IG,5wpm,260204_05WPM.mp3
data\processed\clips\5wpm\260204_05WPM_052.wav,IN,5wpm,260204_05WPM.mp3
data\processed\clips\5wpm\260204_05WPM_053.wav,AL,5wpm,260204_05WPM.mp3
data\processed\clips\5wpm\260204_05WPM_054.wav,A,5wpm,260204_05WPM.mp3
data\processed\clips\5wpm\260204_05WPM_055.wav,N,5wpm,260204_05WPM.mp3
data\processed\clips\5wpm\260204_05WPM_056.wav,AL,5wpm,260204_05WPM.mp3
data\processed\clips\5wpm\260204_05WPM_057.wav,OG,5wpm,260204_05WPM.mp3
data\processed\clips\5wpm\260204_05WPM_058.wav,T,5wpm,260204_05WPM.mp3
data\processed\clips\5wpm\260204_05WPM_059.wav,V,5wpm,260204_05WPM.mp3
data\processed\clips\5wpm\260204_05WPM_060.wav,CH,5wpm,260204_05WPM.mp3
data\processed\clips\5wpm\260204_05WPM_061.wav,AN,5wpm,260204_05WPM.mp3
data\processed\clips\5wpm\260204_05WPM_062.wav,NE,5wpm,260204_05WPM.mp3
data\processed\clips\5wpm\260204_05WPM_063.wav,L,5wpm,260204_05WPM.mp3
data\processed\clips\5wpm\260204_05WPM_064.wav,NU,5wpm,260204_05WPM.mp3
data\processed\clips\5wpm\260204_05WPM_065.wav,MB,5wpm,260204_05WPM.mp3
data\processed\clips\5wpm\260204_05WPM_066.wav,ER,5wpm,260204_05WPM.mp3
data\processed\clips\5wpm\260204_05WPM_067.wav,"S,",5wpm,260204_05WPM.mp3
data\processed\clips\5wpm\260204_05WPM_068.wav,I,5wpm,260204_05WPM.mp3
data\processed\clips\5wpm\260204_05WPM_069.wav,N,5wpm,260204_05WPM.mp3
data\processed\clips\5wpm\260204_05WPM_070.wav,MO,5wpm,260204_05WPM.mp3
data\processed\clips\5wpm\260204_05WPM_071.wav,S,5wpm,260204_05WPM.mp3
data\processed\clips\5wpm\260204_05WPM_072.wav,T,5wpm,260204_05WPM.mp3
data\processed\clips\5wpm\260204_05WPM_073.wav,CA,5wpm,260204_05WPM.mp3
data\processed\clips\5wpm\260204_05WPM_074.wav,SE,5wpm,260204_05WPM.mp3
data\processed\clips\5wpm\260204_05WPM_075.wav,"S,",5wpm,260204_05WPM.mp3
data\processed\clips\5wpm\260204_05WPM_076.wav,T,5wpm,260204_05WPM.mp3
data\processed\clips\5wpm\260204_05WPM_077.wav,HE,5wpm,260204_05WPM.mp3
data\processed\clips\5wpm\260204_05WPM_078.wav,F,5wpm,260204_05WPM.mp3
data\processed\clips\5wpm\260204_05WPM_079.wav,RE,5wpm,260204_05WPM.mp3
data\processed\clips\5wpm\260204_05WPM_080.wav,QU,5wpm,260204_05WPM.mp3
data\processed\clips\5wpm\260204_05WPM_081.wav,EN,5wpm,260204_05WPM.mp3
data\processed\clips\5wpm\260204_05WPM_082.wav,CI,5wpm,260204_05WPM.mp3
data\processed\clips\5wpm\260204_05WPM_083.wav,ES,5wpm,260204_05WPM.mp3
data\processed\clips\5wpm\260204_05WPM_084.wav,H,5wpm,260204_05WPM.mp3
data\processed\clips\5wpm\260204_05WPM_085.wav,AV,5wpm,260204_05WPM.mp3
data\processed\clips\5wpm\260204_05WPM_086.wav,E,5wpm,260204_05WPM.mp3
data\processed\clips\5wpm\260204_05WPM_087.wav,B,5wpm,260204_05WPM.mp3
data\processed\clips\5wpm\260204_05WPM_088.wav,EE,5wpm,260204_05WPM.mp3
data\processed\clips\5wpm\260204_05WPM_089.wav,N,5wpm,260204_05WPM.mp3
data\processed\clips\5wpm\260204_05WPM_090.wav,CH,5wpm,260204_05WPM.mp3
data\processed\clips\5wpm\260204_05WPM_091.wav,AN,5wpm,260204_05WPM.mp3
data\processed\clips\5wpm\260204_05WPM_092.wav,GE,5wpm,260204_05WPM.mp3
data\processed\clips\5wpm\260204_05WPM_093.wav,D.,5wpm,260204_05WPM.mp3
data\processed\clips\5wpm\260204_05WPM_094.wav,F,5wpm,260204_05WPM.mp3
data\processed\clips\5wpm\260204_05WPM_095.wav,OR,5wpm,260204_05WPM.mp3
data\processed\clips\5wpm\260204_05WPM_096.wav,E,5wpm,260204_05WPM.mp3
data\processed\clips\5wpm\260204_05WPM_097.wav,XA,5wpm,260204_05WPM.mp3
data\processed\clips\5wpm\260204_05WPM_098.wav,MP,5wpm,260204_05WPM.mp3
data\processed\clips\5wpm\260204_05WPM_099.wav,LE,5wpm,260204_05WPM.mp3
data\processed\clips\5wpm\260204_05WPM_100.wav,",",5wpm,260204_05WPM.mp3
data\processed\clips\5wpm\260204_05WPM_101.wav,TH,5wpm,260204_05WPM.mp3
data\processed\clips\5wpm\260204_05WPM_102.wav,E,5wpm,260204_05WPM.mp3
data\processed\clips\5wpm\260204_05WPM_103.wav,O,5wpm,260204_05WPM.mp3
data\processed\clips\5wpm\260204_05WPM_104.wav,LD,5wpm,260204_05WPM.mp3
data\processed\clips\5wpm\260204_05WPM_105.wav,A,5wpm,260204_05WPM.mp3
data\processed\clips\5wpm\260204_05WPM_106.wav,NA,5wpm,260204_05WPM.mp3
data\processed\clips\5wpm\260204_05WPM_107.wav,LO,5wpm,260204_05WPM.mp3
data\processed\clips\5wpm\260204_05WPM_108.wav,G,5wpm,260204_05WPM.mp3
data\processed\clips\5wpm\260204_05WPM_109.wav,FO,5wpm,260204_05WPM.mp3
data\processed\clips\5wpm\260204_05WPM_110.wav,X,5wpm,260204_05WPM.mp3
data\processed\clips\5wpm\260204_05WPM_111.wav,4,5wpm,260204_05WPM.mp3
data\processed\clips\5wpm\260204_05WPM_112.wav,KD,5wpm,260204_05WPM.mp3
data\processed\clips\5wpm\260204_05WPM_113.wav,FW,5wpm,260204_05WPM.mp3
data\processed\clips\5wpm\260204_05WPM_114.wav,T,5wpm,260204_05WPM.mp3
data\processed\clips\5wpm\260204_05WPM_115.wav,V,5wpm,260204_05WPM.mp3
data\processed\clips\5wpm\260204_05WPM_116.wav,CH,5wpm,260204_05WPM.mp3
data\processed\clips\5wpm\260204_05WPM_117.wav,AN,5wpm,260204_05WPM.mp3
data\processed\clips\5wpm\260204_05WPM_118.wav,N,5wpm,260204_05WPM.mp3
data\processed\clips\5wpm\260204_05WPM_119.wav,EL,5wpm,260204_05WPM.mp3
data\processed\clips\5wpm\260204_05WPM_120.wav,W,5wpm,260204_05WPM.mp3
data\processed\clips\5wpm\260204_05WPM_121.wav,AS,5wpm,260204_05WPM.mp3
data\processed\clips\5wpm\260204_05WPM_122.wav,I,5wpm,260204_05WPM.mp3
data\processed\clips\5wpm\260204_05WPM_123.wav,N,5wpm,260204_05WPM.mp3
data\processed\clips\5wpm\260204_05WPM_124.wav,TH,5wpm,260204_05WPM.mp3
data\processed\clips\5wpm\260204_05WPM_125.wav,E,5wpm,260204_05WPM.mp3
data\processed\clips\5wpm\260204_05WPM_126.wav,RA,5wpm,260204_05WPM.mp3
data\processed\clips\5wpm\260204_05WPM_127.wav,NG,5wpm,260204_05WPM.mp3
data\processed\clips\5wpm\260204_05WPM_128.wav,E,5wpm,260204_05WPM.mp3
data\processed\clips\5wpm\260204_05WPM_129.wav,OF,5wpm,260204_05WPM.mp3
data\processed\clips\5wpm\260204_05WPM_130.wav,6,5wpm,260204_05WPM.mp3
data\processed\clips\5wpm\260204_05WPM_131.wav,6,5wpm,260204_05WPM.mp3
data\processed\clips\5wpm\260204_05WPM_132.wav,TO,5wpm,260204_05WPM.mp3
data\processed\clips\5wpm\260204_05WPM_133.wav,7,5wpm,260204_05WPM.mp3
data\processed\clips\5wpm\260204_05WPM_134.wav,2,5wpm,260204_05WPM.mp3
data\processed\clips\5wpm\260204_05WPM_135.wav,M,5wpm,260204_05WPM.mp3
data\processed\clips\5wpm\260204_05WPM_136.wav,EG,5wpm,260204_05WPM.mp3
data\processed\clips\5wpm\260204_05WPM_137.wav,AH,5wpm,260204_05WPM.mp3
data\processed\clips\5wpm\260204_05WPM_138.wav,ER,5wpm,260204_05WPM.mp3
data\processed\clips\5wpm\260204_05WPM_139.wav,TZ,5wpm,260204_05WPM.mp3
data\processed\clips\5wpm\260204_05WPM_140.wav,.,5wpm,260204_05WPM.mp3
data\processed\clips\5wpm\260204_05WPM_141.wav,<,5wpm,260204_05WPM.mp3
data\processed\clips\5wpm\260204_05WPM_142.wav,QS,5wpm,260204_05WPM.mp3
data\processed\clips\5wpm\260204_05WPM_143.wav,T,5wpm,260204_05WPM.mp3
data\processed\clips\5wpm\260204_05WPM_144.wav,DE,5wpm,260204_05WPM.mp3
data\processed\clips\5wpm\260204_05WPM_145.wav,W,5wpm,260204_05WPM.mp3
data\processed\clips\5wpm\260204_05WPM_146.wav,1A,5wpm,260204_05WPM.mp3
data\processed\clips\5wpm\260204_05WPM_147.wav,W,5wpm,260204_05WPM.mp3
data\processed\clips\5wpm\260204_05WPM_148.wav,=,5wpm,260204_05WPM.mp3
data\processed\clips\5wpm\260204_05WPM_149.wav,HO,5wpm,260204_05WPM.mp3
data\processed\clips\5wpm\260204_05WPM_150.wav,W,5wpm,260204_05WPM.mp3
data\processed\clips\5wpm\260204_05WPM_151.wav,EV,5wpm,260204_05WPM.mp3
data\processed\clips\5wpm\260204_05WPM_152.wav,ER,5wpm,260204_05WPM.mp3
data\processed\clips\5wpm\260204_05WPM_153.wav,",",5wpm,260204_05WPM.mp3
data\processed\clips\5wpm\260204_05WPM_154.wav,WH,5wpm,260204_05WPM.mp3
data\processed\clips\5wpm\260204_05WPM_155.wav,IL,5wpm,260204_05WPM.mp3
data\processed\clips\5wpm\260204_05WPM_156.wav,E,5wpm,260204_05WPM.mp3
data\processed\clips\5wpm\260204_05WPM_157.wav,IT,5wpm,260204_05WPM.mp3
data\processed\clips\5wpm\260204_05WPM_158.wav,I,5wpm,260204_05WPM.mp3
data\processed\clips\5wpm\260204_05WPM_159.wav,S,5wpm,260204_05WPM.mp3
data\processed\clips\5wpm\260204_05WPM_160.wav,ST,5wpm,260204_05WPM.mp3
data\processed\clips\5wpm\260204_05WPM_161.wav,IL,5wpm,260204_05WPM.mp3
data\processed\clips\5wpm\260204_05WPM_162.wav,L,5wpm,260204_05WPM.mp3
data\processed\clips\5wpm\260204_05WPM_163.wav,CH,5wpm,260204_05WPM.mp3
data\processed\clips\5wpm\260204_05WPM_164.wav,AN,5wpm,260204_05WPM.mp3
data\processed\clips\5wpm\260204_05WPM_165.wav,NE,5wpm,260204_05WPM.mp3
data\processed\clips\5wpm\260204_05WPM_166.wav,L,5wpm,260204_05WPM.mp3
data\processed\clips\5wpm\260204_05WPM_167.wav,4,5wpm,260204_05WPM.mp3
data\processed\clips\5wpm\260204_05WPM_168.wav,",",5wpm,260204_05WPM.mp3
data\processed\clips\5wpm\260204_05WPM_169.wav,TH,5wpm,260204_05WPM.mp3
data\processed\clips\5wpm\260204_05WPM_170.wav,E,5wpm,260204_05WPM.mp3
data\processed\clips\5wpm\260204_05WPM_171.wav,NE,5wpm,260204_05WPM.mp3
data\processed\clips\5wpm\260204_05WPM_172.wav,W,5wpm,260204_05WPM.mp3
data\processed\clips\5wpm\260204_05WPM_173.wav,DI,5wpm,260204_05WPM.mp3
data\processed\clips\5wpm\260204_05WPM_174.wav,GI,5wpm,260204_05WPM.mp3
data\processed\clips\5wpm\260204_05WPM_175.wav,TA,5wpm,260204_05WPM.mp3
data\processed\clips\5wpm\260204_05WPM_176.wav,L,5wpm,260204_05WPM.mp3
data\processed\clips\5wpm\260204_05WPM_177.wav,FO,5wpm,260204_05WPM.mp3
data\processed\clips\5wpm\260204_05WPM_178.wav,X,5wpm,260204_05WPM.mp3
data\processed\clips\5wpm\260204_05WPM_179.wav,4,5wpm,260204_05WPM.mp3
data\processed\clips\5wpm\260204_05WPM_180.wav,KD,5wpm,260204_05WPM.mp3
data\processed\clips\5wpm\260204_05WPM_181.wav,FW,5wpm,260204_05WPM.mp3
data\processed\clips\5wpm\260204_05WPM_182.wav,TV,5wpm,260204_05WPM.mp3
data\processed\clips\5wpm\260204_05WPM_183.wav,C,5wpm,260204_05WPM.mp3
data\processed\clips\5wpm\260204_05WPM_184.wav,HA,5wpm,260204_05WPM.mp3
data\processed\clips\5wpm\260204_05WPM_185.wav,NN,5wpm,260204_05WPM.mp3
data\processed\clips\5wpm\260204_05WPM_186.wav,EL,5wpm,260204_05WPM.mp3
data\processed\clips\5wpm\260204_05WPM_187.wav,"S,",5wpm,260204_05WPM.mp3
data\processed\clips\5wpm\260204_05WPM_188.wav,4,5wpm,260204_05WPM.mp3
data\processed\clips\5wpm\260204_05WPM_189.wav,R1,5wpm,260204_05WPM.mp3
data\processed\clips\5wpm\260204_05WPM_190.wav,T,5wpm,260204_05WPM.mp3
data\processed\clips\5wpm\260204_05WPM_191.wav,O,5wpm,260204_05WPM.mp3
data\processed\clips\5wpm\260204_05WPM_192.wav,4R,5wpm,260204_05WPM.mp3
data\processed\clips\5wpm\260204_05WPM_193.wav,"4,",5wpm,260204_05WPM.mp3
data\processed\clips\5wpm\260204_05WPM_194.wav,H,5wpm,260204_05WPM.mp3
data\processed\clips\5wpm\260204_05WPM_195.wav,AV,5wpm,260204_05WPM.mp3
data\processed\clips\5wpm\260204_05WPM_196.wav,E,5wpm,260204_05WPM.mp3
data\processed\clips\5wpm\260204_05WPM_197.wav,B,5wpm,260204_05WPM.mp3
data\processed\clips\5wpm\260204_05WPM_198.wav,EE,5wpm,260204_05WPM.mp3
data\processed\clips\5wpm\260204_05WPM_199.wav,N,5wpm,260204_05WPM.mp3
data\processed\clips\5wpm\260204_05WPM_200.wav,MO,5wpm,260204_05WPM.mp3
data\processed\clips\5wpm\260204_05WPM_201.wav,VE,5wpm,260204_05WPM.mp3
data\processed\clips\5wpm\260204_05WPM_202.wav,D,5wpm,260204_05WPM.mp3
data\processed\clips\5wpm\260204_05WPM_203.wav,TO,5wpm,260204_05WPM.mp3
data\processed\clips\5wpm\260204_05WPM_204.wav,5,5wpm,260204_05WPM.mp3
data\processed\clips\5wpm\260204_05WPM_205.wav,96,5wpm,260204_05WPM.mp3
data\processed\clips\5wpm\260204_05WPM_206.wav,T,5wpm,260204_05WPM.mp3
data\processed\clips\5wpm\260204_05WPM_207.wav,O,5wpm,260204_05WPM.mp3
data\processed\clips\5wpm\260204_05WPM_208.wav,60,5wpm,260204_05WPM.mp3
data\processed\clips\5wpm\260204_05WPM_209.wav,2,5wpm,260204_05WPM.mp3
data\processed\clips\5wpm\260204_05WPM_210.wav,ME,5wpm,260204_05WPM.mp3
data\processed\clips\5wpm\260204_05WPM_211.wav,GA,5wpm,260204_05WPM.mp3
data\processed\clips\5wpm\260204_05WPM_212.wav,HE,5wpm,260204_05WPM.mp3
data\processed\clips\5wpm\260204_05WPM_213.wav,R,5wpm,260204_05WPM.mp3
data\processed\clips\5wpm\260204_05WPM_214.wav,TZ,5wpm,260204_05WPM.mp3
data\processed\clips\5wpm\260204_05WPM_215.wav,D,5wpm,260204_05WPM.mp3
data\processed\clips\5wpm\260204_05WPM_216.wav,IG,5wpm,260204_05WPM.mp3
data\processed\clips\5wpm\260204_05WPM_217.wav,IT,5wpm,260204_05WPM.mp3
data\processed\clips\5wpm\260204_05WPM_218.wav,AL,5wpm,260204_05WPM.mp3
data\processed\clips\5wpm\260204_05WPM_219.wav,=,5wpm,260204_05WPM.mp3
data\processed\clips\5wpm\260204_05WPM_220.wav,E,5wpm,260204_05WPM.mp3
data\processed\clips\5wpm\260204_05WPM_221.wav,ND,5wpm,260204_05WPM.mp3
data\processed\clips\5wpm\260204_05WPM_222.wav,O,5wpm,260204_05WPM.mp3
data\processed\clips\5wpm\260204_05WPM_223.wav,F,5wpm,260204_05WPM.mp3
data\processed\clips\5wpm\260204_05WPM_224.wav,5,5wpm,260204_05WPM.mp3
data\processed\clips\5wpm\260204_05WPM_225.wav,WP,5wpm,260204_05WPM.mp3
data\processed\clips\5wpm\260204_05WPM_226.wav,M,5wpm,260204_05WPM.mp3
data\processed\clips\5wpm\260204_05WPM_227.wav,TE,5wpm,260204_05WPM.mp3
data\processed\clips\5wpm\260204_05WPM_228.wav,X,5wpm,260204_05WPM.mp3
data\processed\clips\5wpm\260204_05WPM_229.wav,T,5wpm,260204_05WPM.mp3
data\processed\clips\5wpm\260204_05WPM_230.wav,=,5wpm,260204_05WPM.mp3
data\processed\clips\5wpm\260204_05WPM_231.wav,QS,5wpm,260204_05WPM.mp3
data\processed\clips\5wpm\260204_05WPM_232.wav,T,5wpm,260204_05WPM.mp3
data\processed\clips\5wpm\260204_05WPM_233.wav,DE,5wpm,260204_05WPM.mp3
data\processed\clips\5wpm\260204_05WPM_234.wav,W,5wpm,260204_05WPM.mp3
data\processed\clips\5wpm\260204_05WPM_235.wav,1A,5wpm,260204_05WPM.mp3
data\processed\clips\5wpm\260204_05WPM_236.wav,W,5wpm,260204_05WPM.mp3
data\processed\clips\5wpm\260204_05WPM_237.wav,<,5wpm,260204_05WPM.mp3
